name,id,age,gender,place,country,email,phone
Vebjørn Flaa,31108010331,43,male,"Barkåker, Oppland",Norway,vebjorn.flaa@example.com,78095806
Juanita Douglas,784264001,40,female,"Launceston, Victoria",Australia,juanita.douglas@example.com,01-8757-4844
محمدمهدی نجاتی,,46,male,"بجنورد, کهگیلویه و بویراحمد",Iran,mhmdmhdy.njty@example.com,003-29556180
Violet Roberts,,28,female,"Wellington, Southland",New Zealand,violet.roberts@example.com,(260)-718-6796
Lana Renaud,756.7441.2172.85,43,female,"Val Terbi, Bern",Switzerland,lana.renaud@example.com,078 759 51 66
Kate Powell,9008002T,64,female,"Castlebar, Westmeath",Ireland,kate.powell@example.com,011-605-6067
آدرینا یاسمی,,53,female,"یزد, تهران",Iran,adryn.ysmy@example.com,038-50539454
Wiktoria Brevik,30055816642,66,female,"Tranby, Rogaland",Norway,wiktoria.brevik@example.com,74819021
Derrick Austin,WS 41 25 39 B,47,male,"Coventry, Powys",United Kingdom,derrick.austin@example.com,0111 365 9692
بردیا کریمی,,46,male,"ساری, خراسان رضوی",Iran,brdy.khrymy@example.com,071-16679808
Vicky Wallace,KC 60 47 00 V,74,female,"Ely, Merseyside",United Kingdom,vicky.wallace@example.com,017684 53148
Nathaniel Moore,,67,male,"Taupo, Hawke'S Bay",New Zealand,nathaniel.moore@example.com,(510)-082-3928
Liberto Pires,042.073.443-25,39,male,"Campos dos Goytacazes, Santa Catarina",Brazil,liberto.pires@example.com,(18) 2475-7697
Ayşe Aşıkoğlu,,79,female,"Iğdır, Adana",Turkey,ayse.asikoglu@example.com,(161)-199-6719
Vebjørn Flaa,31108010331,43,male,"Barkåker, Oppland",Norway,vebjorn.flaa@example.com,78095806
Juanita Douglas,784264001,40,female,"Launceston, Victoria",Australia,juanita.douglas@example.com,01-8757-4844
محمدمهدی نجاتی,,46,male,"بجنورد, کهگیلویه و بویراحمد",Iran,mhmdmhdy.njty@example.com,003-29556180
Violet Roberts,,28,female,"Wellington, Southland",New Zealand,violet.roberts@example.com,(260)-718-6796
Lana Renaud,756.7441.2172.85,43,female,"Val Terbi, Bern",Switzerland,lana.renaud@example.com,078 759 51 66
Kate Powell,9008002T,64,female,"Castlebar, Westmeath",Ireland,kate.powell@example.com,011-605-6067
آدرینا یاسمی,,53,female,"یزد, تهران",Iran,adryn.ysmy@example.com,038-50539454
Wiktoria Brevik,30055816642,66,female,"Tranby, Rogaland",Norway,wiktoria.brevik@example.com,74819021
Derrick Austin,WS 41 25 39 B,47,male,"Coventry, Powys",United Kingdom,derrick.austin@example.com,0111 365 9692
بردیا کریمی,,46,male,"ساری, خراسان رضوی",Iran,brdy.khrymy@example.com,071-16679808
Vicky Wallace,KC 60 47 00 V,74,female,"Ely, Merseyside",United Kingdom,vicky.wallace@example.com,017684 53148
Nathaniel Moore,,67,male,"Taupo, Hawke'S Bay",New Zealand,nathaniel.moore@example.com,(510)-082-3928
Liberto Pires,042.073.443-25,39,male,"Campos dos Goytacazes, Santa Catarina",Brazil,liberto.pires@example.com,(18) 2475-7697
Ayşe Aşıkoğlu,,79,female,"Iğdır, Adana",Turkey,ayse.asikoglu@example.com,(161)-199-6719
Vebjørn Flaa,31108010331,43,male,"Barkåker, Oppland",Norway,vebjorn.flaa@example.com,78095806
Juanita Douglas,784264001,40,female,"Launceston, Victoria",Australia,juanita.douglas@example.com,01-8757-4844
محمدمهدی نجاتی,,46,male,"بجنورد, کهگیلویه و بویراحمد",Iran,mhmdmhdy.njty@example.com,003-29556180
Violet Roberts,,28,female,"Wellington, Southland",New Zealand,violet.roberts@example.com,(260)-718-6796
Lana Renaud,756.7441.2172.85,43,female,"Val Terbi, Bern",Switzerland,lana.renaud@example.com,078 759 51 66
Kate Powell,9008002T,64,female,"Castlebar, Westmeath",Ireland,kate.powell@example.com,011-605-6067
آدرینا یاسمی,,53,female,"یزد, تهران",Iran,adryn.ysmy@example.com,038-50539454
Wiktoria Brevik,30055816642,66,female,"Tranby, Rogaland",Norway,wiktoria.brevik@example.com,74819021
Derrick Austin,WS 41 25 39 B,47,male,"Coventry, Powys",United Kingdom,derrick.austin@example.com,0111 365 9692
بردیا کریمی,,46,male,"ساری, خراسان رضوی",Iran,brdy.khrymy@example.com,071-16679808
Vicky Wallace,KC 60 47 00 V,74,female,"Ely, Merseyside",United Kingdom,vicky.wallace@example.com,017684 53148
Nathaniel Moore,,67,male,"Taupo, Hawke'S Bay",New Zealand,nathaniel.moore@example.com,(510)-082-3928
Liberto Pires,042.073.443-25,39,male,"Campos dos Goytacazes, Santa Catarina",Brazil,liberto.pires@example.com,(18) 2475-7697
Ayşe Aşıkoğlu,,79,female,"Iğdır, Adana",Turkey,ayse.asikoglu@example.com,(161)-199-6719
Isabel King,,39,female,"Porirua, Marlborough",New Zealand,isabel.king@example.com,(218)-073-6834
